Worker Name,Transaction Type,Category,Item Name,Quantity,Amount,Timestamp,Message Content,Confidence
"Jizar Stoffeliz","Withdrawal","Plants","trigo",200,0,"2025-09-20T00:08:37.727Z","","high"
"Jizar Stoffeliz","Withdrawal","Plants","trigo",50,0,"2025-09-20T00:08:41.701Z","","high"
"Jizar Stoffeliz","Withdrawal","Plants","Bulrush",200,0,"2025-09-20T00:08:47.568Z","","high"
"Jizar Stoffeliz","Withdrawal","Plants","Bulrush",50,0,"2025-09-20T00:08:51.339Z","","high"
"Jizar Stoffeliz","Withdrawal","Plants","corn",200,0,"2025-09-20T00:08:56.575Z","","high"
"Jizar Stoffeliz","Withdrawal","Plants","corn",100,0,"2025-09-20T00:09:00.974Z","","high"
"Jizar Stoffeliz","Withdrawal","Plants","corn",50,0,"2025-09-20T00:09:05.397Z","","high"
"Jizar Stoffeliz","Withdrawal","Plants","corn",200,0,"2025-09-20T00:09:41.287Z","","high"
"Jizar Stoffeliz","Withdrawal","Plants","corn",200,0,"2025-09-20T00:09:45.078Z","","high"
"Jizar Stoffeliz","Withdrawal","Plants","corn",100,0,"2025-09-20T00:09:48.884Z","","high"
"Jizar Stoffeliz","Withdrawal","Boxes","caixarustica",200,0,"2025-09-20T00:09:56.012Z","","high"
"Jizar Stoffeliz","Withdrawal","Boxes","caixarustica",150,0,"2025-09-20T00:10:00.569Z","","high"
"Jizar Stoffeliz","Withdrawal","Plants","Bulrush",200,0,"2025-09-20T00:10:53.737Z","","high"
"Jizar Stoffeliz","Withdrawal","Plants","Bulrush",50,0,"2025-09-20T00:11:02.840Z","","high"
"Jizar Stoffeliz","Withdrawal","Plants","trigo",200,0,"2025-09-20T00:11:08.299Z","","high"
"Jizar Stoffeliz","Withdrawal","Plants","trigo",50,0,"2025-09-20T00:11:12.781Z","","high"
"Jizar Stoffeliz","Withdrawal","Plants","corn",150,0,"2025-09-20T00:11:17.634Z","","high"
"Jizar Stoffeliz","Withdrawal","Plants","corn",50,0,"2025-09-20T00:11:23.100Z","","high"
"Jizar Stoffeliz","Withdrawal","Plants","corn",200,0,"2025-09-20T00:11:59.238Z","","high"
"Jizar Stoffeliz","Withdrawal","Plants","corn",200,0,"2025-09-20T00:12:03.254Z","","high"
"Jizar Stoffeliz","Withdrawal","Plants","corn",100,0,"2025-09-20T00:12:09.116Z","","high"
"Jizar Stoffeliz","Withdrawal","Plants","Bulrush",200,0,"2025-09-20T00:12:58.638Z","","high"
"Jizar Stoffeliz","Withdrawal","Plants","Bulrush",50,0,"2025-09-20T00:13:02.091Z","","high"
"Jizar Stoffeliz","Withdrawal","Plants","trigo",200,0,"2025-09-20T00:13:07.914Z","","high"
"Jizar Stoffeliz","Withdrawal","Plants","trigo",50,0,"2025-09-20T00:13:12.367Z","","high"
"Jizar Stoffeliz","Withdrawal","Plants","corn",150,0,"2025-09-20T00:13:19.546Z","","high"
"Jizar Stoffeliz","Withdrawal","Plants","corn",200,0,"2025-09-20T00:13:58.745Z","","high"
"Jizar Stoffeliz","Withdrawal","Plants","corn",200,0,"2025-09-20T00:14:04.126Z","","high"
"Jizar Stoffeliz","Withdrawal","Plants","corn",100,0,"2025-09-20T00:14:07.357Z","","high"
"Jizar Stoffeliz","Withdrawal","Plants","trigo",200,0,"2025-09-20T00:14:50.641Z","","high"
"Jizar Stoffeliz","Withdrawal","Plants","trigo",50,0,"2025-09-20T00:14:54.324Z","","high"
"Jizar Stoffeliz","Withdrawal","Plants","corn",200,0,"2025-09-20T00:15:00.181Z","","high"
"Jizar Stoffeliz","Deposit","Plants","corn",150,0,"2025-09-20T00:15:05.255Z","","high"
"Jizar Stoffeliz","Withdrawal","Plants","Bulrush",200,0,"2025-09-20T00:15:09.605Z","","high"
"Jizar Stoffeliz","Withdrawal","Plants","Bulrush",50,0,"2025-09-20T00:15:12.965Z","","high"
"Jizar Stoffeliz","Deposit","Boxes","caixadeverduras",500,0,"2025-09-20T00:16:25.381Z","","high"
"Jizar Stoffeliz","Withdrawal","Plants","trigo",200,0,"2025-09-20T00:16:32.306Z","","high"
"Jizar Stoffeliz","Withdrawal","Plants","trigo",50,0,"2025-09-20T00:16:36.096Z","","high"
"Jizar Stoffeliz","Withdrawal","Plants","Bulrush",200,0,"2025-09-20T00:16:41.672Z","","high"
"Jizar Stoffeliz","Withdrawal","Plants","Bulrush",50,0,"2025-09-20T00:16:45.908Z","","high"
"Jizar Stoffeliz","Withdrawal","Plants","corn",150,0,"2025-09-20T00:16:49.873Z","","high"
"Jizar Stoffeliz","Withdrawal","Plants","corn",200,0,"2025-09-20T00:17:25.308Z","","high"
"Jizar Stoffeliz","Withdrawal","Plants","corn",200,0,"2025-09-20T00:17:29.289Z","","high"
"Jizar Stoffeliz","Withdrawal","Plants","corn",100,0,"2025-09-20T00:17:33.720Z","","high"
"Jizar Stoffeliz","Withdrawal","Plants","trigo",150,0,"2025-09-20T00:17:43.748Z","","high"
"Jizar Stoffeliz","Withdrawal","Plants","trigo",200,0,"2025-09-20T00:18:41.921Z","","high"
"Jizar Stoffeliz","Withdrawal","Plants","trigo",50,0,"2025-09-20T00:18:45.636Z","","high"
"Jizar Stoffeliz","Withdrawal","Plants","Bulrush",200,0,"2025-09-20T00:19:38.651Z","","high"
"Jizar Stoffeliz","Withdrawal","Plants","Bulrush",50,0,"2025-09-20T00:19:44.287Z","","high"
"Jizar Stoffeliz","Withdrawal","Plants","corn",150,0,"2025-09-20T00:20:13.158Z","","high"
"Jizar Stoffeliz","Withdrawal","Plants","corn",50,0,"2025-09-20T00:20:30.035Z","","high"
"Jizar Stoffeliz","Withdrawal","Plants","corn",200,0,"2025-09-20T00:21:40.988Z","","high"
"Jizar Stoffeliz","Withdrawal","Plants","corn",200,0,"2025-09-20T00:21:45.560Z","","high"
"Jizar Stoffeliz","Withdrawal","Plants","corn",100,0,"2025-09-20T00:21:52.740Z","","high"
"Jizar Stoffeliz","Withdrawal","Boxes","caixarustica",100,0,"2025-09-20T00:22:03.333Z","","high"
"Jizar Stoffeliz","Withdrawal","Boxes","caixarustica",50,0,"2025-09-20T00:22:09.841Z","","high"
"Jizar Stoffeliz","Deposit","Boxes","caixadeverduras",125,0,"2025-09-20T00:23:50.423Z","","high"
"Jizar Stoffeliz","Withdrawal","Plants","trigo",200,0,"2025-09-20T00:24:01.035Z","","high"
"Jizar Stoffeliz","Withdrawal","Plants","trigo",50,0,"2025-09-20T00:24:04.489Z","","high"
"Jizar Stoffeliz","Withdrawal","Boxes","caixarustica",100,0,"2025-09-20T00:24:49.126Z","","high"
"Jizar Stoffeliz","Withdrawal","Plants","corn",200,0,"2025-09-20T00:24:53.840Z","","high"
"Jizar Stoffeliz","Withdrawal","Plants","corn",50,0,"2025-09-20T00:24:57.273Z","","high"
"Jizar Stoffeliz","Withdrawal","Plants","trigo",200,0,"2025-09-20T00:25:03.733Z","","high"
"Jizar Stoffeliz","Withdrawal","Plants","trigo",50,0,"2025-09-20T00:25:06.162Z","","high"
"Jizar Stoffeliz","Withdrawal","Plants","Bulrush",200,0,"2025-09-20T00:25:50.219Z","","high"
"Jizar Stoffeliz","Withdrawal","Plants","Bulrush",200,0,"2025-09-20T00:25:55.777Z","","high"
"Jizar Stoffeliz","Withdrawal","Plants","Bulrush",100,0,"2025-09-20T00:25:59.873Z","","high"
"Jizar Stoffeliz","Withdrawal","Plants","Bulrush",50,0,"2025-09-20T00:26:05.425Z","","high"
"Jizar Stoffeliz","Withdrawal","Plants","corn",200,0,"2025-09-20T00:27:14.448Z","","high"
"Jizar Stoffeliz","Withdrawal","Plants","corn",200,0,"2025-09-20T00:27:20.019Z","","high"
"Jizar Stoffeliz","Withdrawal","Plants","corn",100,0,"2025-09-20T00:27:32.997Z","","high"
"Jizar Stoffeliz","Withdrawal","Plants","trigo",57,0,"2025-09-20T00:27:39.407Z","","high"
"Jizar Stoffeliz","Withdrawal","Plants","Bulrush",200,0,"2025-09-20T00:27:46.816Z","","high"
"Jizar Stoffeliz","Withdrawal","Plants","Bulrush",100,0,"2025-09-20T00:27:51.311Z","","high"
"Jizar Stoffeliz","Withdrawal","Plants","Bulrush",200,0,"2025-09-20T00:28:55.773Z","","high"
"Jizar Stoffeliz","Withdrawal","Plants","Bulrush",200,0,"2025-09-20T00:29:00.199Z","","high"
"Jizar Stoffeliz","Withdrawal","Plants","Bulrush",50,0,"2025-09-20T00:29:04.533Z","","high"
"Jizar Stoffeliz","Deposit","Plants","corn",50,0,"2025-09-20T00:30:09.018Z","","high"
"Jizar Stoffeliz","Deposit","Plants","Bulrush",400,0,"2025-09-20T00:30:11.645Z","","high"
"Jizar Stoffeliz","Deposit","Plants","trigo",157,0,"2025-09-20T00:30:16.181Z","","high"
"Bartholomeu Dias","Withdrawal","Money","Money",0,160,"2025-09-20T00:31:21.285Z","","high"
"Jizar Stoffeliz","Deposit","Boxes","caixadeverduras",500,0,"2025-09-20T00:32:19.407Z","","high"
"Jizar Stoffeliz","Deposit","Boxes","caixadeverduras",125,0,"2025-09-20T00:32:47.839Z","","high"
"Jizar Stoffeliz","Withdrawal","Boxes","caixadeverduras",200,0,"2025-09-20T00:32:51.456Z","","high"
"Jizar Stoffeliz","Withdrawal","Boxes","caixadeverduras",200,0,"2025-09-20T00:32:56.175Z","","high"
"Jizar Stoffeliz","Withdrawal","Boxes","caixadeverduras",100,0,"2025-09-20T00:33:00.167Z","","high"
"Sasa Pietra","Withdrawal","Plants","semente_trigo",100,0,"2025-09-20T00:34:28.252Z","","high"
"Bartholomeu Dias","Withdrawal","Money","Money",0,250,"2025-09-20T00:40:17.437Z","","high"
"Nathy Miller","Deposit","Plants","corn",500,0,"2025-09-20T00:43:13.955Z","","high"
"Bartholomeu Dias","Withdrawal","Money","Money",0,125,"2025-09-20T00:45:43.008Z","","high"
"Jizar Stoffeliz","Deposit","Money","Money",0,1000,"2025-09-20T00:57:57.320Z","","high"
"Cliff Dillimore","Withdrawal","Money","Money",0,493,"2025-09-20T01:00:53.778Z","","high"
"Quase Nada","Deposit","Miscellaneous","hoe",1,0,"2025-09-20T01:01:33.686Z","","high"
"Quase Nada","Withdrawal","Miscellaneous","Cigarett",2,0,"2025-09-20T01:01:39.232Z","","high"
"Chris Rubble","Withdrawal","Boxes","caixarustica",150,0,"2025-09-20T01:17:53.435Z","","high"
"Jizar Stoffeliz","Withdrawal","Boxes","caixadeverduras",200,0,"2025-09-20T01:27:03.101Z","","high"
"Jizar Stoffeliz","Withdrawal","Boxes","caixadeverduras",200,0,"2025-09-20T01:27:06.818Z","","high"
"Jizar Stoffeliz","Withdrawal","Boxes","caixadeverduras",100,0,"2025-09-20T01:27:11.341Z","","high"
"Nathy Miller","Deposit","Plants","corn",500,0,"2025-09-20T01:30:27.307Z","","high"
"Sasa Pietra","Deposit","Plants","trigo",500,0,"2025-09-20T01:32:34.484Z","","high"
"Nina Vatore","Deposit","Plants","corn",420,0,"2025-09-20T01:33:01.013Z","","high"
"Nina Vatore","Withdrawal","Miscellaneous","satchel",1,0,"2025-09-20T01:33:18.790Z","","high"
"Nathy Miller","Withdrawal","Miscellaneous","common_portion_donkey",4,0,"2025-09-20T01:35:45.895Z","","high"
"Nina Vatore","Deposit","Plants","corn",500,0,"2025-09-20T01:36:55.488Z","","high"
"Nina Vatore","Withdrawal","Miscellaneous","satchel",2,0,"2025-09-20T01:36:59.777Z","","high"
"Nathy Miller","Deposit","Miscellaneous","common_portion_donkey",4,0,"2025-09-20T01:37:45.036Z","","high"
"Nathy Miller","Deposit","Miscellaneous","donkey_male",4,0,"2025-09-20T01:37:48.300Z","","high"
"Nathy Miller","Withdrawal","Miscellaneous","common_portion_sheep",4,0,"2025-09-20T01:37:57.394Z","","high"
"Sasa Pietra","Deposit","Plants","trigo",500,0,"2025-09-20T01:38:43.240Z","","high"
"Nina Vatore","Deposit","Plants","corn",80,0,"2025-09-20T01:39:14.058Z","","high"
"Nathy Miller","Withdrawal","Plants","semente_trigo",100,0,"2025-09-20T01:39:50.025Z","","high"
"Sasa Pietra","Withdrawal","Miscellaneous","donkey_male",4,0,"2025-09-20T01:41:25.317Z","","high"
"Sasa Pietra","Withdrawal","Miscellaneous","common_portion_donkey",4,0,"2025-09-20T01:41:37.661Z","","high"
"Thony Gustav","Withdrawal","Money","Money",0,570,"2025-09-20T01:51:05.182Z","","high"
"Thony Gustav","Withdrawal","Miscellaneous","common_portion",10,0,"2025-09-20T01:52:50.752Z","","high"
"Jubiscleia Gilbert","Withdrawal","Miscellaneous","batatarecheada",3,0,"2025-09-20T01:55:13.146Z","","high"
"Nathy Miller","Withdrawal","Miscellaneous","common_portion_sheep",4,0,"2025-09-20T01:55:38.153Z","","high"
"Thony Gustav","Withdrawal","Plants","corn",200,0,"2025-09-20T01:59:51.338Z","","high"
"Thony Gustav","Withdrawal","Plants","corn",200,0,"2025-09-20T01:59:58.146Z","","high"
"Thony Gustav","Withdrawal","Plants","corn",100,0,"2025-09-20T02:00:03.026Z","","high"
"Thony Gustav","Withdrawal","Plants","Bulrush",200,0,"2025-09-20T02:01:07.472Z","","high"
"Thony Gustav","Withdrawal","Plants","Bulrush",50,0,"2025-09-20T02:01:11.350Z","","high"
"Thony Gustav","Withdrawal","Plants","trigo",200,0,"2025-09-20T02:01:18.891Z","","high"
"Thony Gustav","Withdrawal","Plants","trigo",50,0,"2025-09-20T02:01:25.010Z","","high"
"Thony Gustav","Withdrawal","Plants","corn",200,0,"2025-09-20T02:02:59.002Z","","high"
"Thony Gustav","Withdrawal","Plants","corn",50,0,"2025-09-20T02:03:03.192Z","","high"
"Thony Gustav","Withdrawal","Plants","corn",200,0,"2025-09-20T02:03:07.688Z","","high"
"Thony Gustav","Withdrawal","Plants","corn",50,0,"2025-09-20T02:03:14.190Z","","high"
"Sasa Pietra","Withdrawal","Miscellaneous","common_portion_donkey",4,0,"2025-09-20T02:04:06.318Z","","high"
"Thony Gustav","Withdrawal","Plants","Bulrush",200,0,"2025-09-20T02:05:29.491Z","","high"
"Thony Gustav","Withdrawal","Plants","Bulrush",50,0,"2025-09-20T02:05:33.713Z","","high"
"Jizar Stoffeliz","Deposit","Money","Money",0,1000,"2025-09-20T02:05:35.366Z","","high"
"Thony Gustav","Withdrawal","Plants","trigo",200,0,"2025-09-20T02:05:45.007Z","","high"
"Thony Gustav","Withdrawal","Plants","trigo",50,0,"2025-09-20T02:05:50.003Z","","high"
"Thony Gustav","Withdrawal","Plants","corn",200,0,"2025-09-20T02:07:07.595Z","","high"
"Thony Gustav","Withdrawal","Plants","corn",200,0,"2025-09-20T02:07:12.027Z","","high"
"Thony Gustav","Withdrawal","Plants","corn",100,0,"2025-09-20T02:07:16.393Z","","high"
"Thony Gustav","Withdrawal","Plants","Bulrush",200,0,"2025-09-20T02:08:01.649Z","","high"
"Thony Gustav","Withdrawal","Plants","Bulrush",50,0,"2025-09-20T02:08:05.972Z","","high"
"Thony Gustav","Withdrawal","Plants","trigo",200,0,"2025-09-20T02:08:13.027Z","","high"
"Thony Gustav","Withdrawal","Plants","trigo",50,0,"2025-09-20T02:08:17.634Z","","high"
"Thony Gustav","Withdrawal","Plants","corn",200,0,"2025-09-20T02:09:36.255Z","","high"
"Thony Gustav","Withdrawal","Plants","corn",200,0,"2025-09-20T02:09:41.074Z","","high"
"Thony Gustav","Withdrawal","Plants","corn",100,0,"2025-09-20T02:09:45.352Z","","high"
"Thony Gustav","Withdrawal","Plants","Bulrush",200,0,"2025-09-20T02:10:34.422Z","","high"
"Thony Gustav","Withdrawal","Plants","Bulrush",50,0,"2025-09-20T02:10:38.544Z","","high"
"Thony Gustav","Withdrawal","Plants","trigo",200,0,"2025-09-20T02:10:45.023Z","","high"
"Thony Gustav","Withdrawal","Plants","trigo",50,0,"2025-09-20T02:10:50.248Z","","high"
"Nathy Miller","Withdrawal","Miscellaneous","common_portion_sheep",4,0,"2025-09-20T02:13:44.574Z","","high"
"Thony Gustav","Withdrawal","Money","Money",0,570,"2025-09-20T02:31:50.893Z","","high"
"Bonnie Bennett","Withdrawal","Money","Money",0,410,"2025-09-20T02:37:39.678Z","","high"
"Nathy Miller","Withdrawal","Plants","semente_trigo",200,0,"2025-09-20T02:52:15.757Z","","high"
"Chris Rubble","Withdrawal","Boxes","caixarustica",200,0,"2025-09-20T03:23:03.858Z","","high"
"Nathy Miller","Deposit","Plants","trigo",500,0,"2025-09-20T03:40:13.113Z","","high"
"Nathy Miller","Deposit","Plants","trigo",500,0,"2025-09-20T03:43:22.158Z","","high"
"Nathy Miller","Deposit","Plants","trigo",500,0,"2025-09-20T03:45:55.027Z","","high"
"Nathy Miller","Deposit","Plants","trigo",500,0,"2025-09-20T03:50:54.290Z","","high"
"Chris Rubble","Withdrawal","Plants","Bulrush",10,0,"2025-09-20T03:55:05.335Z","","high"
"Nathy Miller","Deposit","Plants","trigo",500,0,"2025-09-20T03:55:16.309Z","","high"
"Chris Rubble","Deposit","Plants","Bay_Bolete_Seed",70,0,"2025-09-20T03:56:23.136Z","","high"
"Chris Rubble","Deposit","Plants","Prairie_Poppy_Seed",70,0,"2025-09-20T03:56:27.742Z","","high"
"Chris Rubble","Deposit","Plants","semente_trigo",1,0,"2025-09-20T03:56:31.351Z","","high"
"Chris Rubble","Withdrawal","Miscellaneous","batatarecheada",3,0,"2025-09-20T03:57:31.992Z","","high"
"Nathy Miller","Deposit","Plants","trigo",500,0,"2025-09-20T04:18:01.443Z","","high"
"Smith Ramirez","Withdrawal","Boxes","caixadeverduras",200,0,"2025-09-20T04:20:02.810Z","","high"
"Smith Ramirez","Withdrawal","Boxes","caixadeverduras",50,0,"2025-09-20T04:20:06.229Z","","high"
"Thony Gustav","Withdrawal","Money","Money",0,750,"2025-09-20T04:21:44.190Z","","high"
"Thony Gustav","Deposit","Money","Money",0,1000,"2025-09-20T04:22:43.009Z","","high"
"Thony Gustav","Withdrawal","Boxes","caixarustica",50,0,"2025-09-20T04:31:07.206Z","","high"
"Thony Gustav","Deposit","Boxes","caixarustica",50,0,"2025-09-20T04:31:24.981Z","","high"
"Thony Gustav","Withdrawal","Plants","corn",200,0,"2025-09-20T04:31:40.372Z","","high"
"Thony Gustav","Withdrawal","Plants","corn",200,0,"2025-09-20T04:31:45.637Z","","high"
"Thony Gustav","Withdrawal","Plants","corn",100,0,"2025-09-20T04:31:51.093Z","","high"
"Nathy Miller","Deposit","Plants","semente_trigo",74,0,"2025-09-20T04:32:37.026Z","","high"
"Sasa Pietra","Withdrawal","Plants","cornseed",100,0,"2025-09-20T04:33:03.661Z","","high"
"Smith Ramirez","Deposit","Money","Money",0,500,"2025-09-20T04:33:20.281Z","","high"
"Nathy Miller","Withdrawal","Plants","trigo",100,0,"2025-09-20T04:34:04.308Z","","high"
"Nathy Miller","Withdrawal","Plants","trigo",100,0,"2025-09-20T04:34:24.577Z","","high"
"Nathy Miller","Withdrawal","Plants","trigo",50,0,"2025-09-20T04:34:30.012Z","","high"
"Nathy Miller","Withdrawal","Plants","Bulrush",150,0,"2025-09-20T04:34:38.267Z","","high"
"Nathy Miller","Withdrawal","Plants","Bulrush",100,0,"2025-09-20T04:34:44.660Z","","high"
"Nelio Tavares","Deposit","Miscellaneous","hoe",1,0,"2025-09-20T04:35:26.745Z","","high"
"Nelio Tavares","Withdrawal","Plants","Bulrush_Seed",100,0,"2025-09-20T04:35:37.295Z","","high"
"Nelio Tavares","Withdrawal","Miscellaneous","Cigarett",1,0,"2025-09-20T04:36:01.393Z","","high"
"Thony Gustav","Withdrawal","Plants","corn",200,0,"2025-09-20T04:36:58.158Z","","high"
"Thony Gustav","Withdrawal","Plants","corn",200,0,"2025-09-20T04:37:04.580Z","","high"
"Thony Gustav","Withdrawal","Plants","corn",100,0,"2025-09-20T04:37:10.213Z","","high"
"Nathy Miller","Withdrawal","Plants","Bulrush",150,0,"2025-09-20T04:37:26.619Z","","high"
"Nathy Miller","Withdrawal","Plants","Bulrush",100,0,"2025-09-20T04:37:44.035Z","","high"
"Nathy Miller","Withdrawal","Plants","trigo",150,0,"2025-09-20T04:37:51.789Z","","high"
"Nathy Miller","Withdrawal","Plants","trigo",100,0,"2025-09-20T04:37:56.867Z","","high"
"Nelio Tavares","Withdrawal","Miscellaneous","garrafaplasticavazia",1,0,"2025-09-20T04:52:27.221Z","","high"
"Nelio Tavares","Withdrawal","Miscellaneous","Cigarett",1,0,"2025-09-20T05:03:28.208Z","","high"
"Nelio Tavares","Deposit","Miscellaneous","garrafaplasticavazia",1,0,"2025-09-20T05:03:33.547Z","","high"
"Nelio Tavares","Deposit","Plants","Bulrush",200,0,"2025-09-20T05:10:42.949Z","","high"
"Nelio Tavares","Deposit","Plants","Bulrush",200,0,"2025-09-20T05:10:46.513Z","","high"
"Nelio Tavares","Deposit","Plants","Bulrush",100,0,"2025-09-20T05:10:50.214Z","","high"
"Nelio Tavares","Withdrawal","Miscellaneous","garrafaplasticavazia",1,0,"2025-09-20T05:16:52.936Z","","high"
"Sasa Pietra","Deposit","Plants","corn",500,0,"2025-09-20T05:18:00.559Z","","high"
"Johnny Rocks","Withdrawal","Boxes","caixarustica",150,0,"2025-09-20T05:21:36.570Z","","high"
"Sasa Pietra","Deposit","Plants","corn",500,0,"2025-09-20T05:21:57.610Z","","high"
"Nelio Tavares","Deposit","Plants","Bulrush",200,0,"2025-09-20T05:23:12.297Z","","high"
"Nelio Tavares","Deposit","Plants","Bulrush",200,0,"2025-09-20T05:23:16.080Z","","high"
"Nelio Tavares","Deposit","Plants","Bulrush",100,0,"2025-09-20T05:23:19.152Z","","high"
"Nelio Tavares","Withdrawal","Plants","cornseed",100,0,"2025-09-20T05:23:52.770Z","","high"
"Cliff Dillimore","Withdrawal","Money","Money",0,500,"2025-09-20T05:27:09.921Z","","high"
"Johnny Rocks","Withdrawal","Plants","corn",200,0,"2025-09-20T05:30:09.360Z","","high"
"Johnny Rocks","Withdrawal","Plants","corn",200,0,"2025-09-20T05:30:11.756Z","","high"
"Johnny Rocks","Withdrawal","Plants","corn",100,0,"2025-09-20T05:30:14.387Z","","high"
"Johnny Rocks","Withdrawal","Plants","Bulrush",200,0,"2025-09-20T05:30:38.824Z","","high"
"Johnny Rocks","Withdrawal","Plants","Bulrush",50,0,"2025-09-20T05:30:41.858Z","","high"
"Johnny Rocks","Withdrawal","Plants","trigo",200,0,"2025-09-20T05:30:45.262Z","","high"
"Johnny Rocks","Withdrawal","Plants","trigo",50,0,"2025-09-20T05:30:48.129Z","","high"
"Johnny Rocks","Withdrawal","Plants","corn",200,0,"2025-09-20T05:31:18.388Z","","high"
"Johnny Rocks","Withdrawal","Plants","corn",200,0,"2025-09-20T05:31:20.697Z","","high"
"Johnny Rocks","Withdrawal","Plants","corn",10,0,"2025-09-20T05:31:23.558Z","","high"
"Johnny Rocks","Withdrawal","Plants","corn",90,0,"2025-09-20T05:31:28.104Z","","high"
"Johnny Rocks","Withdrawal","Plants","Bulrush",200,0,"2025-09-20T05:31:48.282Z","","high"
"Johnny Rocks","Withdrawal","Plants","Bulrush",50,0,"2025-09-20T05:31:51.513Z","","high"
"Johnny Rocks","Withdrawal","Plants","trigo",200,0,"2025-09-20T05:31:54.710Z","","high"
"Johnny Rocks","Withdrawal","Plants","trigo",50,0,"2025-09-20T05:31:57.422Z","","high"
"Johnny Rocks","Withdrawal","Plants","corn",200,0,"2025-09-20T05:32:24.799Z","","high"
"Johnny Rocks","Withdrawal","Plants","corn",200,0,"2025-09-20T05:32:26.834Z","","high"
"Johnny Rocks","Withdrawal","Plants","corn",100,0,"2025-09-20T05:32:32.307Z","","high"
"Johnny Rocks","Withdrawal","Plants","Bulrush",200,0,"2025-09-20T05:32:34.618Z","","high"
"Johnny Rocks","Withdrawal","Plants","Bulrush",50,0,"2025-09-20T05:32:38.180Z","","high"
"Johnny Rocks","Withdrawal","Plants","Bulrush",200,0,"2025-09-20T05:32:43.358Z","","high"
"Johnny Rocks","Withdrawal","Plants","Bulrush",200,0,"2025-09-20T05:32:55.388Z","","high"
"Johnny Rocks","Withdrawal","Plants","Bulrush",200,0,"2025-09-20T05:33:17.386Z","","high"
"Johnny Rocks","Withdrawal","Plants","Bulrush",50,0,"2025-09-20T05:33:20.874Z","","high"
"Johnny Rocks","Withdrawal","Plants","trigo",200,0,"2025-09-20T05:33:24.381Z","","high"
"Johnny Rocks","Withdrawal","Plants","trigo",50,0,"2025-09-20T05:33:27.261Z","","high"
"Johnny Rocks","Withdrawal","Plants","corn",200,0,"2025-09-20T05:33:59.779Z","","high"
"Johnny Rocks","Withdrawal","Plants","corn",200,0,"2025-09-20T05:34:01.587Z","","high"
"Johnny Rocks","Withdrawal","Plants","corn",100,0,"2025-09-20T05:34:05.107Z","","high"
"Johnny Rocks","Withdrawal","Plants","Bulrush",200,0,"2025-09-20T05:34:25.493Z","","high"
"Johnny Rocks","Withdrawal","Plants","Bulrush",50,0,"2025-09-20T05:34:28.221Z","","high"
"Johnny Rocks","Withdrawal","Plants","trigo",200,0,"2025-09-20T05:34:31.412Z","","high"
"Johnny Rocks","Withdrawal","Plants","trigo",50,0,"2025-09-20T05:34:34.308Z","","high"
"Johnny Rocks","Withdrawal","Plants","corn",200,0,"2025-09-20T05:35:12.347Z","","high"
"Johnny Rocks","Withdrawal","Plants","corn",200,0,"2025-09-20T05:35:15.068Z","","high"
"Johnny Rocks","Withdrawal","Plants","corn",100,0,"2025-09-20T05:35:18.272Z","","high"
"Johnny Rocks","Withdrawal","Plants","Bulrush",200,0,"2025-09-20T05:35:37.711Z","","high"
"Johnny Rocks","Withdrawal","Plants","Bulrush",50,0,"2025-09-20T05:35:40.726Z","","high"
"Johnny Rocks","Withdrawal","Plants","trigo",200,0,"2025-09-20T05:35:46.299Z","","high"
"Johnny Rocks","Withdrawal","Plants","trigo",50,0,"2025-09-20T05:35:49.196Z","","high"
"Johnny Rocks","Withdrawal","Plants","corn",200,0,"2025-09-20T05:36:27.719Z","","high"
"Johnny Rocks","Withdrawal","Plants","corn",200,0,"2025-09-20T05:36:29.754Z","","high"
"Johnny Rocks","Withdrawal","Plants","corn",100,0,"2025-09-20T05:36:34.228Z","","high"
"Johnny Rocks","Withdrawal","Plants","Bulrush",200,0,"2025-09-20T05:36:53.722Z","","high"
"Johnny Rocks","Withdrawal","Plants","Bulrush",50,0,"2025-09-20T05:36:56.725Z","","high"
"Johnny Rocks","Withdrawal","Plants","trigo",200,0,"2025-09-20T05:36:59.559Z","","high"
"Johnny Rocks","Withdrawal","Plants","trigo",50,0,"2025-09-20T05:37:02.699Z","","high"
"Johnny Rocks","Deposit","Boxes","caixadeverduras",500,0,"2025-09-20T05:38:10.587Z","","high"
"Nelio Tavares","Withdrawal","Plants","cornseed",100,0,"2025-09-20T05:38:24.225Z","","high"
"Johnny Rocks","Withdrawal","Plants","corn",200,0,"2025-09-20T05:38:37.610Z","","high"
"Johnny Rocks","Withdrawal","Plants","corn",200,0,"2025-09-20T05:38:40.094Z","","high"
"Johnny Rocks","Withdrawal","Plants","corn",100,0,"2025-09-20T05:38:43.310Z","","high"
"Johnny Rocks","Withdrawal","Plants","Bulrush",200,0,"2025-09-20T05:39:04.481Z","","high"
"Johnny Rocks","Withdrawal","Plants","Bulrush",50,0,"2025-09-20T05:39:09.339Z","","high"
"Johnny Rocks","Withdrawal","Plants","trigo",200,0,"2025-09-20T05:39:13.015Z","","high"
"Johnny Rocks","Withdrawal","Plants","trigo",50,0,"2025-09-20T05:39:16.803Z","","high"
"Johnny Rocks","Withdrawal","Plants","corn",200,0,"2025-09-20T05:39:45.358Z","","high"
"Johnny Rocks","Withdrawal","Plants","corn",200,0,"2025-09-20T05:39:47.423Z","","high"
"Johnny Rocks","Withdrawal","Plants","corn",100,0,"2025-09-20T05:39:51.117Z","","high"
"Johnny Rocks","Withdrawal","Plants","Bulrush",200,0,"2025-09-20T05:40:15.316Z","","high"
"Johnny Rocks","Withdrawal","Plants","Bulrush",50,0,"2025-09-20T05:40:18.028Z","","high"
"Johnny Rocks","Withdrawal","Plants","trigo",200,0,"2025-09-20T05:40:20.786Z","","high"
"Johnny Rocks","Withdrawal","Plants","trigo",50,0,"2025-09-20T05:40:23.532Z","","high"
"Thony Gustav","Withdrawal","Boxes","caixadeverduras",200,0,"2025-09-20T05:42:04.638Z","","high"
"Thony Gustav","Withdrawal","Boxes","caixadeverduras",50,0,"2025-09-20T05:42:10.728Z","","high"
"Thony Gustav","Withdrawal","Plants","corn",200,0,"2025-09-20T05:42:21.539Z","","high"
"Thony Gustav","Withdrawal","Plants","corn",200,0,"2025-09-20T05:42:26.648Z","","high"
"Thony Gustav","Withdrawal","Plants","corn",150,0,"2025-09-20T05:42:32.645Z","","high"
"Thony Gustav","Withdrawal","Plants","corn",100,0,"2025-09-20T05:42:37.132Z","","high"
"Johnny Rocks","Withdrawal","Plants","corn",200,0,"2025-09-20T05:42:47.411Z","","high"
"Johnny Rocks","Withdrawal","Plants","corn",200,0,"2025-09-20T05:42:49.359Z","","high"
"Johnny Rocks","Withdrawal","Plants","corn",100,0,"2025-09-20T05:42:53.137Z","","high"
"Johnny Rocks","Withdrawal","Plants","Bulrush",200,0,"2025-09-20T05:43:14.389Z","","high"
"Johnny Rocks","Withdrawal","Plants","Bulrush",50,0,"2025-09-20T05:43:17.653Z","","high"
"Johnny Rocks","Withdrawal","Plants","trigo",200,0,"2025-09-20T05:43:21.492Z","","high"
"Johnny Rocks","Withdrawal","Plants","trigo",50,0,"2025-09-20T05:43:24.688Z","","high"
"Thony Gustav","Deposit","Plants","corn",200,0,"2025-09-20T05:44:11.785Z","","high"
"Thony Gustav","Deposit","Plants","corn",100,0,"2025-09-20T05:44:18.115Z","","high"
"Johnny Rocks","Deposit","Boxes","caixadeverduras",500,0,"2025-09-20T05:44:35.002Z","","high"
"Johnny Rocks","Withdrawal","Plants","cornseed",100,0,"2025-09-20T05:45:18.572Z","","high"
"Nelio Tavares","Deposit","Plants","corn",200,0,"2025-09-20T05:56:44.473Z","","high"
"Nelio Tavares","Deposit","Plants","corn",200,0,"2025-09-20T05:56:47.641Z","","high"
"Nelio Tavares","Deposit","Plants","corn",100,0,"2025-09-20T05:56:53.846Z","","high"
"Cliff Dillimore","Deposit","Money","Money",0,250,"2025-09-20T05:58:42.914Z","","high"
"Nelio Tavares","Deposit","Plants","corn",200,0,"2025-09-20T06:02:58.794Z","","high"
"Nelio Tavares","Deposit","Plants","corn",200,0,"2025-09-20T06:03:01.760Z","","high"
"Nelio Tavares","Deposit","Plants","corn",100,0,"2025-09-20T06:03:05.141Z","","high"
"Nelio Tavares","Deposit","Plants","corn",200,0,"2025-09-20T06:08:36.762Z","","high"
"Nelio Tavares","Deposit","Plants","corn",200,0,"2025-09-20T06:08:43.470Z","","high"
"Nelio Tavares","Deposit","Plants","corn",100,0,"2025-09-20T06:08:46.627Z","","high"
"Nelio Tavares","Deposit","Plants","corn",200,0,"2025-09-20T06:16:23.496Z","","high"
"Nelio Tavares","Deposit","Plants","corn",200,0,"2025-09-20T06:16:26.496Z","","high"
"Nelio Tavares","Deposit","Plants","corn",100,0,"2025-09-20T06:16:29.457Z","","high"
"Johnny Rocks","Deposit","Plants","corn",500,0,"2025-09-20T06:28:45.469Z","","high"
"Johnny Rocks","Deposit","Plants","corn",500,0,"2025-09-20T06:31:03.228Z","","high"
"Johnny Rocks","Withdrawal","Plants","semente_trigo",100,0,"2025-09-20T06:31:17.465Z","","high"
"Thony Gustav","Deposit","Money","Money",0,1000,"2025-09-20T06:51:53.871Z","","high"
"Johnny Rocks","Deposit","Plants","trigo",500,0,"2025-09-20T07:04:04.324Z","","high"
"Johnny Rocks","Withdrawal","Boxes","caixadeverduras",200,0,"2025-09-20T07:05:04.816Z","","high"
"Johnny Rocks","Withdrawal","Boxes","caixadeverduras",200,0,"2025-09-20T07:05:07.204Z","","high"
"Johnny Rocks","Withdrawal","Boxes","caixadeverduras",100,0,"2025-09-20T07:05:10.392Z","","high"
"Johnny Rocks","Deposit","Plants","trigo",210,0,"2025-09-20T07:05:17.626Z","","high"
"Johnny Rocks","Withdrawal","Boxes","caixadeverduras",100,0,"2025-09-20T07:05:22.000Z","","high"
"Thony Gustav","Withdrawal","Plants","corn",200,0,"2025-09-20T07:08:26.108Z","","high"
"Thony Gustav","Withdrawal","Plants","corn",200,0,"2025-09-20T07:08:31.600Z","","high"
"Thony Gustav","Withdrawal","Plants","corn",100,0,"2025-09-20T07:08:37.297Z","","high"
"Thony Gustav","Withdrawal","Plants","trigo",200,0,"2025-09-20T07:10:33.965Z","","high"
"Thony Gustav","Withdrawal","Plants","trigo",50,0,"2025-09-20T07:10:41.967Z","","high"
"Thony Gustav","Withdrawal","Plants","Bulrush",200,0,"2025-09-20T07:10:48.280Z","","high"
"Thony Gustav","Withdrawal","Plants","Bulrush",50,0,"2025-09-20T07:10:52.807Z","","high"
"Thony Gustav","Withdrawal","Boxes","caixarustica",50,0,"2025-09-20T07:11:25.029Z","","high"
"Thony Gustav","Withdrawal","Boxes","caixarustica",25,0,"2025-09-20T07:12:51.627Z","","high"
"Thony Gustav","Withdrawal","Plants","corn",200,0,"2025-09-20T07:13:05.598Z","","high"
"Thony Gustav","Withdrawal","Plants","corn",200,0,"2025-09-20T07:13:10.773Z","","high"
"Thony Gustav","Withdrawal","Plants","corn",100,0,"2025-09-20T07:13:15.926Z","","high"
"Thony Gustav","Withdrawal","Plants","Bulrush",200,0,"2025-09-20T07:14:27.108Z","","high"
"Thony Gustav","Withdrawal","Plants","Bulrush",50,0,"2025-09-20T07:14:31.720Z","","high"
"Thony Gustav","Withdrawal","Plants","trigo",200,0,"2025-09-20T07:14:41.012Z","","high"
"Thony Gustav","Withdrawal","Plants","trigo",50,0,"2025-09-20T07:14:46.421Z","","high"
"Johnny Rocks","Deposit","Money","Money",0,1000,"2025-09-20T07:28:53.181Z","","high"
"Ale Beckham","Withdrawal","Miscellaneous","frangocaipira",2,0,"2025-09-20T07:36:34.458Z","","high"
"Johnny Rocks","Deposit","Plants","trigo",290,0,"2025-09-20T07:38:53.758Z","","high"
"Johnny Rocks","Deposit","Boxes","caixadeverduras",125,0,"2025-09-20T07:51:16.778Z","","high"
"Ale Beckham","Withdrawal","Miscellaneous","saladadefruta",3,0,"2025-09-20T08:07:08.969Z","","high"
"Ale Beckham","Withdrawal","Miscellaneous","Cigarett",1,0,"2025-09-20T08:08:21.176Z","","high"
"Ale Beckham","Withdrawal","Plants","Bulrush_Seed",100,0,"2025-09-20T08:10:34.269Z","","high"
"Ale Beckham","Deposit","Miscellaneous","saladadefruta",2,0,"2025-09-20T08:10:40.314Z","","high"
"Ale Beckham","Deposit","Plants","Bulrush",200,0,"2025-09-20T08:41:55.348Z","","high"
"Ale Beckham","Deposit","Plants","Bulrush",200,0,"2025-09-20T08:42:04.236Z","","high"
"Ale Beckham","Deposit","Plants","Bulrush",100,0,"2025-09-20T08:42:07.841Z","","high"
"Ale Beckham","Deposit","Plants","Bulrush",130,0,"2025-09-20T08:47:48.392Z","","high"
"Ale Beckham","Withdrawal","Plants","cornseed",19,0,"2025-09-20T08:47:54.748Z","","high"
"Ale Beckham","Withdrawal","Plants","semente_trigo",58,0,"2025-09-20T08:47:58.935Z","","high"
"Ale Beckham","Withdrawal","Plants","Bulrush_Seed",13,0,"2025-09-20T08:48:12.026Z","","high"
"Ale Beckham","Withdrawal","Miscellaneous","saladadefruta",2,0,"2025-09-20T08:48:21.124Z","","high"
"Ale Beckham","Withdrawal","Miscellaneous","Cigarett",1,0,"2025-09-20T08:48:27.069Z","","high"
"Santiago Bowdin","Deposit","Miscellaneous","common_portion",100,0,"2025-09-20T09:05:59.745Z","","high"
"Santiago Bowdin","Deposit","Miscellaneous","common_portion_chicken",100,0,"2025-09-20T09:06:01.252Z","","high"
"Santiago Bowdin","Deposit","Miscellaneous","common_portion_donkey",100,0,"2025-09-20T09:06:02.955Z","","high"
"Santiago Bowdin","Deposit","Miscellaneous","common_portion_sheep",170,0,"2025-09-20T09:06:04.627Z","","high"
"Santiago Bowdin","Deposit","Miscellaneous","common_portion_pig",100,0,"2025-09-20T09:06:06.172Z","","high"
"Santiago Bowdin","Deposit","Plants","Bulrush_Seed",500,0,"2025-09-20T09:16:30.585Z","","high"
"Santiago Bowdin","Deposit","Plants","semente_trigo",500,0,"2025-09-20T09:16:32.717Z","","high"
"Santiago Bowdin","Deposit","Plants","Bulrush_Seed",500,0,"2025-09-20T09:16:45.397Z","","high"
"Santiago Bowdin","Deposit","Plants","semente_trigo",500,0,"2025-09-20T09:16:59.773Z","","high"
"Santiago Bowdin","Deposit","Miscellaneous","adubo3",400,0,"2025-09-20T09:17:01.410Z","","high"
"Santiago Bowdin","Deposit","Plants","cornseed",500,0,"2025-09-20T09:17:22.396Z","","high"
"Santiago Bowdin","Deposit","Plants","cornseed",500,0,"2025-09-20T09:17:32.731Z","","high"
"Santiago Bowdin","Withdrawal","Plants","Black_Berry_Seed",4,0,"2025-09-20T09:17:36.575Z","","high"
"Santiago Bowdin","Withdrawal","Plants","Prairie_Poppy_Seed",70,0,"2025-09-20T09:17:40.937Z","","high"
"Santiago Bowdin","Withdrawal","Plants","Bay_Bolete_Seed",70,0,"2025-09-20T09:17:45.541Z","","high"
"Santiago Bowdin","Withdrawal","Miscellaneous","petrevive",1,0,"2025-09-20T09:17:49.652Z","","high"
"Santiago Bowdin","Withdrawal","Miscellaneous","garrafaplasticavazia",71,0,"2025-09-20T09:18:01.364Z","","high"
"Jizar Stoffeliz","Withdrawal","Boxes","caixadeverduras",200,0,"2025-09-20T10:23:58.607Z","","high"
"Jizar Stoffeliz","Withdrawal","Boxes","caixadeverduras",50,0,"2025-09-20T10:24:03.822Z","","high"
"Jizar Stoffeliz","Deposit","Boxes","caixadeverduras",250,0,"2025-09-20T10:24:27.658Z","","high"
"Jizar Stoffeliz","Withdrawal","Boxes","caixadeverduras",200,0,"2025-09-20T10:29:54.843Z","","high"
"Jizar Stoffeliz","Deposit","Boxes","caixadeverduras",200,0,"2025-09-20T10:30:02.229Z","","high"
"Jizar Stoffeliz","Withdrawal","Plants","Bulrush",200,0,"2025-09-20T10:30:26.968Z","","high"
"Jizar Stoffeliz","Withdrawal","Plants","Bulrush",50,0,"2025-09-20T10:30:30.839Z","","high"
"Jizar Stoffeliz","Withdrawal","Plants","trigo",200,0,"2025-09-20T10:30:39.292Z","","high"
"Jizar Stoffeliz","Withdrawal","Plants","trigo",50,0,"2025-09-20T10:30:43.323Z","","high"
"Jizar Stoffeliz","Withdrawal","Boxes","caixarustica",100,0,"2025-09-20T10:30:50.631Z","","high"
"Jizar Stoffeliz","Withdrawal","Plants","corn",200,0,"2025-09-20T10:31:22.959Z","","high"
"Jizar Stoffeliz","Withdrawal","Plants","corn",200,0,"2025-09-20T10:31:26.436Z","","high"
"Jizar Stoffeliz","Withdrawal","Plants","corn",100,0,"2025-09-20T10:31:30.545Z","","high"
"Jizar Stoffeliz","Withdrawal","Plants","Bulrush",200,0,"2025-09-20T10:32:05.501Z","","high"
"Jizar Stoffeliz","Withdrawal","Plants","Bulrush",50,0,"2025-09-20T10:32:08.873Z","","high"
"Jizar Stoffeliz","Withdrawal","Plants","trigo",200,0,"2025-09-20T10:32:14.934Z","","high"
"Jizar Stoffeliz","Withdrawal","Plants","trigo",50,0,"2025-09-20T10:32:18.141Z","","high"
"Jizar Stoffeliz","Withdrawal","Plants","corn",200,0,"2025-09-20T10:32:49.241Z","","high"
"Jizar Stoffeliz","Withdrawal","Plants","corn",200,0,"2025-09-20T10:32:52.736Z","","high"
"Jizar Stoffeliz","Withdrawal","Plants","corn",100,0,"2025-09-20T10:32:56.160Z","","high"
"Jizar Stoffeliz","Deposit","Boxes","caixadeverduras",250,0,"2025-09-20T10:36:41.925Z","","high"
"Jizar Stoffeliz","Withdrawal","Boxes","caixadeverduras",200,0,"2025-09-20T10:36:57.234Z","","high"
"Jizar Stoffeliz","Withdrawal","Boxes","caixadeverduras",200,0,"2025-09-20T10:37:01.296Z","","high"
"Jizar Stoffeliz","Withdrawal","Boxes","caixadeverduras",100,0,"2025-09-20T10:37:06.103Z","","high"
"Jizar Stoffeliz","Deposit","Boxes","caixadeverduras",500,0,"2025-09-20T11:07:16.668Z","","high"
"Jizar Stoffeliz","Withdrawal","Boxes","caixadeverduras",200,0,"2025-09-20T11:10:12.740Z","","high"
"Jizar Stoffeliz","Deposit","Boxes","caixadeverduras",200,0,"2025-09-20T11:10:31.348Z","","high"
"Jizar Stoffeliz","Withdrawal","Boxes","caixadeverduras",200,0,"2025-09-20T11:10:46.709Z","","high"
"Jizar Stoffeliz","Deposit","Boxes","caixadeverduras",200,0,"2025-09-20T11:10:52.538Z","","high"
"Jizar Stoffeliz","Withdrawal","Boxes","caixadeverduras",200,0,"2025-09-20T11:10:59.627Z","","high"
"Jizar Stoffeliz","Withdrawal","Boxes","caixadeverduras",200,0,"2025-09-20T11:11:04.265Z","","high"
"Jizar Stoffeliz","Withdrawal","Boxes","caixadeverduras",100,0,"2025-09-20T11:11:08.476Z","","high"
"Jizar Stoffeliz","Deposit","Money","Money",0,1000,"2025-09-20T11:35:46.766Z","","high"
"Jizar Stoffeliz","Deposit","Plants","trigo",10,0,"2025-09-20T12:43:32.206Z","","high"
"Santiago Bowdin","Withdrawal","Boxes","caixarustica",150,0,"2025-09-20T13:12:33.298Z","","high"
"Jizar Stoffeliz","Withdrawal","Plants","semente_trigo",200,0,"2025-09-20T15:14:19.503Z","","high"
"Jizar Stoffeliz","Deposit","Boxes","caixadeverduras",168,0,"2025-09-20T15:39:22.769Z","","high"
"Jizar Stoffeliz","Deposit","Boxes","caixaanimal",189,0,"2025-09-20T15:39:25.264Z","","high"
"Lenore Bianchi Bowdin","Deposit","Boxes","caixadeverduras",100,0,"2025-09-20T16:07:30.273Z","","high"
"John Weslley","Withdrawal","Plants","cornseed",200,0,"2025-09-20T16:18:39.250Z","","high"
"John Weslley","Withdrawal","Miscellaneous","common_portion_goat",16,0,"2025-09-20T16:21:12.868Z","","high"
"Jizar Stoffeliz","Deposit","Plants","trigo",500,0,"2025-09-20T16:28:39.583Z","","high"
"Jizar Stoffeliz","Deposit","Plants","trigo",500,0,"2025-09-20T16:30:43.301Z","","high"
"Jizar Stoffeliz","Deposit","Plants","trigo",190,0,"2025-09-20T16:31:53.777Z","","high"
"Jizar Stoffeliz","Deposit","Plants","trigo",40,0,"2025-09-20T17:03:00.624Z","","high"
"Jizar Stoffeliz","Deposit","Plants","semente_trigo",77,0,"2025-09-20T17:03:04.800Z","","high"
"Bartholomeu Dias","Withdrawal","Money","Money",0,750,"2025-09-20T17:10:19.928Z","","high"
"Thony Gustav","Withdrawal","Plants","cornseed",50,0,"2025-09-20T17:11:02.117Z","","high"
"Thony Gustav","Deposit","Plants","cornseed",50,0,"2025-09-20T17:11:11.223Z","","high"
"John Weslley","Withdrawal","Miscellaneous","common_portion_goat",12,0,"2025-09-20T17:13:08.900Z","","high"
"Thony Gustav","Withdrawal","Miscellaneous","frangocaipira",5,0,"2025-09-20T17:22:58.386Z","","high"
"Chris Rubble","Withdrawal","Plants","trigo",200,0,"2025-09-20T17:34:55.288Z","","high"
"Chris Rubble","Withdrawal","Plants","trigo",50,0,"2025-09-20T17:34:59.486Z","","high"
"Chris Rubble","Withdrawal","Plants","Bulrush",200,0,"2025-09-20T17:35:04.626Z","","high"
"Chris Rubble","Withdrawal","Plants","Bulrush",200,0,"2025-09-20T17:36:43.120Z","","high"
"Chris Rubble","Withdrawal","Plants","Bulrush",50,0,"2025-09-20T17:36:47.553Z","","high"
"Chris Rubble","Withdrawal","Boxes","caixarustica",85,0,"2025-09-20T17:37:43.226Z","","high"
"Chris Rubble","Withdrawal","Plants","corn",200,0,"2025-09-20T17:38:06.240Z","","high"
"Chris Rubble","Withdrawal","Plants","corn",200,0,"2025-09-20T17:38:09.711Z","","high"
"Chris Rubble","Withdrawal","Plants","corn",200,0,"2025-09-20T17:38:12.976Z","","high"
"Chris Rubble","Withdrawal","Plants","corn",100,0,"2025-09-20T17:38:16.700Z","","high"
"Chris Rubble","Withdrawal","Plants","Bulrush",200,0,"2025-09-20T17:38:43.384Z","","high"
"Chris Rubble","Withdrawal","Plants","Bulrush",50,0,"2025-09-20T17:38:47.335Z","","high"
"Chris Rubble","Withdrawal","Plants","trigo",200,0,"2025-09-20T17:38:51.734Z","","high"
"Chris Rubble","Withdrawal","Plants","trigo",50,0,"2025-09-20T17:38:55.510Z","","high"
"Chris Rubble","Withdrawal","Plants","corn",200,0,"2025-09-20T17:39:20.807Z","","high"
"Chris Rubble","Withdrawal","Plants","corn",200,0,"2025-09-20T17:39:24.191Z","","high"
"Chris Rubble","Withdrawal","Plants","corn",100,0,"2025-09-20T17:39:27.758Z","","high"
"Chris Rubble","Withdrawal","Boxes","caixadeverduras",200,0,"2025-09-20T17:40:03.220Z","","high"
"Chris Rubble","Withdrawal","Boxes","caixadeverduras",50,0,"2025-09-20T17:40:07.387Z","","high"
"John Weslley","Deposit","Plants","corn",200,0,"2025-09-20T17:46:50.159Z","","high"
"John Weslley","Deposit","Plants","corn",200,0,"2025-09-20T17:46:56.432Z","","high"
"John Weslley","Deposit","Plants","corn",100,0,"2025-09-20T17:47:00.180Z","","high"
"John Weslley","Deposit","Plants","corn",200,0,"2025-09-20T17:48:37.826Z","","high"
"John Weslley","Deposit","Plants","corn",200,0,"2025-09-20T17:48:41.392Z","","high"
"John Weslley","Deposit","Plants","corn",100,0,"2025-09-20T17:48:45.766Z","","high"
"John Weslley","Deposit","Plants","corn",200,0,"2025-09-20T17:50:41.979Z","","high"
"John Weslley","Deposit","Plants","corn",200,0,"2025-09-20T17:50:45.414Z","","high"
"John Weslley","Deposit","Plants","corn",100,0,"2025-09-20T17:50:49.138Z","","high"
"John Weslley","Deposit","Plants","corn",200,0,"2025-09-20T17:52:37.387Z","","high"
"John Weslley","Deposit","Plants","corn",200,0,"2025-09-20T17:52:42.125Z","","high"
"John Weslley","Deposit","Plants","corn",100,0,"2025-09-20T17:52:46.018Z","","high"
"John Weslley","Deposit","Plants","corn",200,0,"2025-09-20T17:56:35.101Z","","high"
"John Weslley","Deposit","Plants","corn",200,0,"2025-09-20T17:56:38.810Z","","high"
"John Weslley","Deposit","Plants","corn",100,0,"2025-09-20T17:56:42.668Z","","high"
"John Weslley","Deposit","Plants","corn",200,0,"2025-09-20T17:58:23.998Z","","high"
"John Weslley","Deposit","Plants","corn",200,0,"2025-09-20T17:58:29.941Z","","high"
"John Weslley","Deposit","Plants","corn",100,0,"2025-09-20T17:58:33.648Z","","high"
"John Weslley","Deposit","Plants","corn",200,0,"2025-09-20T18:00:29.849Z","","high"
"John Weslley","Deposit","Plants","corn",200,0,"2025-09-20T18:00:33.192Z","","high"
"John Weslley","Deposit","Plants","corn",100,0,"2025-09-20T18:00:37.390Z","","high"
"John Weslley","Deposit","Plants","corn",200,0,"2025-09-20T18:02:38.272Z","","high"
"John Weslley","Deposit","Plants","corn",200,0,"2025-09-20T18:02:42.593Z","","high"
"John Weslley","Deposit","Plants","corn",100,0,"2025-09-20T18:02:47.440Z","","high"
"Chris Rubble","Deposit","Money","Money",0,1000,"2025-09-20T18:13:40.393Z","","high"
"Chris Rubble","Withdrawal","Plants","corn",200,0,"2025-09-20T18:16:44.677Z","","high"
"Chris Rubble","Withdrawal","Plants","corn",200,0,"2025-09-20T18:16:48.096Z","","high"
"Chris Rubble","Withdrawal","Plants","corn",200,0,"2025-09-20T18:28:18.504Z","","high"
"Chris Rubble","Withdrawal","Plants","corn",100,0,"2025-09-20T18:28:22.435Z","","high"
"Chris Rubble","Withdrawal","Plants","Bulrush",200,0,"2025-09-20T18:28:47.376Z","","high"
"Chris Rubble","Withdrawal","Plants","Bulrush",50,0,"2025-09-20T18:28:51.081Z","","high"
"Chris Rubble","Withdrawal","Plants","trigo",200,0,"2025-09-20T18:28:55.811Z","","high"
"Chris Rubble","Withdrawal","Plants","trigo",50,0,"2025-09-20T18:28:59.704Z","","high"
"Chris Rubble","Withdrawal","Plants","corn",20,0,"2025-09-20T18:33:24.092Z","","high"
"Chris Rubble","Withdrawal","Plants","corn",180,0,"2025-09-20T18:33:27.941Z","","high"
"Chris Rubble","Withdrawal","Plants","corn",200,0,"2025-09-20T18:33:31.254Z","","high"
"Chris Rubble","Withdrawal","Plants","corn",100,0,"2025-09-20T18:33:34.966Z","","high"
"Chris Rubble","Withdrawal","Plants","Bulrush",200,0,"2025-09-20T18:33:58.557Z","","high"
"Chris Rubble","Withdrawal","Plants","trigo",200,0,"2025-09-20T18:34:04.960Z","","high"
"Chris Rubble","Withdrawal","Plants","trigo",50,0,"2025-09-20T18:34:07.991Z","","high"
"Chris Rubble","Withdrawal","Plants","Bulrush",50,0,"2025-09-20T18:34:13.227Z","","high"
"Chris Rubble","Withdrawal","Plants","Bulrush",200,0,"2025-09-20T18:35:14.001Z","","high"
"Chris Rubble","Withdrawal","Plants","trigo",200,0,"2025-09-20T18:35:19.367Z","","high"
"Chris Rubble","Withdrawal","Plants","trigo",5,0,"2025-09-20T18:35:22.834Z","","high"
"Chris Rubble","Withdrawal","Plants","trigo",45,0,"2025-09-20T18:35:28.159Z","","high"
"Chris Rubble","Withdrawal","Plants","Bulrush",50,0,"2025-09-20T18:35:31.244Z","","high"
"Chris Rubble","Withdrawal","Plants","corn",200,0,"2025-09-20T18:36:08.827Z","","high"
"Chris Rubble","Withdrawal","Plants","corn",200,0,"2025-09-20T18:36:12.289Z","","high"
"Chris Rubble","Withdrawal","Plants","corn",100,0,"2025-09-20T18:36:22.080Z","","high"
"Chris Rubble","Withdrawal","Plants","trigo",200,0,"2025-09-20T18:37:20.410Z","","high"
"Chris Rubble","Withdrawal","Plants","trigo",50,0,"2025-09-20T18:37:24.362Z","","high"
"Chris Rubble","Withdrawal","Plants","Bulrush",200,0,"2025-09-20T18:37:29.005Z","","high"
"Chris Rubble","Withdrawal","Plants","Bulrush",50,0,"2025-09-20T18:37:32.309Z","","high"
"Chris Rubble","Withdrawal","Plants","corn",200,0,"2025-09-20T18:37:58.875Z","","high"
"Chris Rubble","Withdrawal","Plants","corn",200,0,"2025-09-20T18:38:02.322Z","","high"
"Chris Rubble","Withdrawal","Plants","corn",100,0,"2025-09-20T18:38:05.869Z","","high"
"Thony Gustav","Deposit","Money","Money",0,500,"2025-09-20T18:51:09.527Z","","high"
"Souzz Ramirez","Withdrawal","Miscellaneous","hoe",1,0,"2025-09-20T19:27:15.857Z","","high"
"Souzz Ramirez","Withdrawal","Plants","semente_trigo",100,0,"2025-09-20T19:27:20.236Z","","high"
"Thony Gustav","Withdrawal","Plants","corn",200,0,"2025-09-20T19:51:03.163Z","","high"
"Thony Gustav","Withdrawal","Plants","corn",200,0,"2025-09-20T19:51:12.446Z","","high"
"Thony Gustav","Withdrawal","Plants","corn",100,0,"2025-09-20T19:51:22.582Z","","high"
"Thony Gustav","Withdrawal","Boxes","caixarustica",100,0,"2025-09-20T19:51:32.804Z","","high"
"Thony Gustav","Withdrawal","Boxes","caixarustica",50,0,"2025-09-20T19:51:39.318Z","","high"
"Souzz Ramirez","Deposit","Plants","semente_trigo",30,0,"2025-09-20T19:56:34.037Z","","high"
"Souzz Ramirez","Deposit","Miscellaneous","hoe",1,0,"2025-09-20T20:01:37.300Z","","high"
"Souzz Ramirez","Withdrawal","Miscellaneous","Cigarett",4,0,"2025-09-20T20:01:42.387Z","","high"
"Souzz Ramirez","Deposit","Plants","trigo",500,0,"2025-09-20T20:12:13.601Z","","high"
"Souzz Ramirez","Withdrawal","Plants","corn",200,0,"2025-09-20T20:13:05.453Z","","high"
"Souzz Ramirez","Withdrawal","Boxes","caixarustica",10,0,"2025-09-20T20:13:09.809Z","","high"
"Souzz Ramirez","Withdrawal","Plants","Bulrush",100,0,"2025-09-20T20:13:12.705Z","","high"
"Souzz Ramirez","Deposit","Boxes","caixadeverduras",50,0,"2025-09-20T20:13:55.609Z","","high"
"Souzz Ramirez","Withdrawal","Boxes","caixarustica",10,0,"2025-09-20T20:14:00.351Z","","high"
"Souzz Ramirez","Withdrawal","Plants","Bulrush",100,0,"2025-09-20T20:14:03.094Z","","high"
"Souzz Ramirez","Withdrawal","Plants","corn",200,0,"2025-09-20T20:14:05.557Z","","high"
"Souzz Ramirez","Deposit","Boxes","caixadeverduras",50,0,"2025-09-20T20:14:49.016Z","","high"
"Souzz Ramirez","Withdrawal","Plants","Bulrush",100,0,"2025-09-20T20:14:51.390Z","","high"
"Souzz Ramirez","Withdrawal","Boxes","caixarustica",10,0,"2025-09-20T20:14:54.262Z","","high"
"Souzz Ramirez","Withdrawal","Plants","corn",200,0,"2025-09-20T20:14:57.185Z","","high"
"Souzz Ramirez","Withdrawal","Plants","trigo",200,0,"2025-09-20T20:15:00.501Z","","high"
"Souzz Ramirez","Deposit","Boxes","caixadeverduras",50,0,"2025-09-20T20:15:40.912Z","","high"
"Souzz Ramirez","Withdrawal","Plants","trigo",100,0,"2025-09-20T20:15:43.223Z","","high"
"Souzz Ramirez","Withdrawal","Boxes","caixarustica",10,0,"2025-09-20T20:15:47.398Z","","high"
"Souzz Ramirez","Withdrawal","Plants","Bulrush",100,0,"2025-09-20T20:15:50.849Z","","high"
"Souzz Ramirez","Withdrawal","Plants","corn",200,0,"2025-09-20T20:15:55.639Z","","high"
"Souzz Ramirez","Deposit","Boxes","caixadeverduras",50,0,"2025-09-20T20:16:36.016Z","","high"
"Souzz Ramirez","Withdrawal","Plants","corn",200,0,"2025-09-20T20:16:38.425Z","","high"
"Souzz Ramirez","Withdrawal","Plants","Bulrush",10,0,"2025-09-20T20:16:40.934Z","","high"
"Souzz Ramirez","Withdrawal","Plants","Bulrush",90,0,"2025-09-20T20:16:44.252Z","","high"
"Souzz Ramirez","Withdrawal","Boxes","caixarustica",10,0,"2025-09-20T20:16:46.864Z","","high"
"Souzz Ramirez","Deposit","Boxes","caixadeverduras",50,0,"2025-09-20T20:17:25.888Z","","high"
"Souzz Ramirez","Withdrawal","Boxes","caixarustica",10,0,"2025-09-20T20:17:28.974Z","","high"
"Souzz Ramirez","Withdrawal","Plants","Bulrush",100,0,"2025-09-20T20:17:31.742Z","","high"
"Souzz Ramirez","Withdrawal","Plants","corn",200,0,"2025-09-20T20:17:35.660Z","","high"
"Souzz Ramirez","Withdrawal","Plants","trigo",200,0,"2025-09-20T20:17:38.688Z","","high"
"Souzz Ramirez","Deposit","Boxes","caixadeverduras",50,0,"2025-09-20T20:18:23.616Z","","high"
"Souzz Ramirez","Withdrawal","Plants","trigo",100,0,"2025-09-20T20:18:26.077Z","","high"
"Souzz Ramirez","Withdrawal","Plants","corn",200,0,"2025-09-20T20:18:30.033Z","","high"
"Souzz Ramirez","Withdrawal","Plants","Bulrush",100,0,"2025-09-20T20:18:32.964Z","","high"
"Souzz Ramirez","Withdrawal","Boxes","caixarustica",10,0,"2025-09-20T20:18:35.458Z","","high"
"Souzz Ramirez","Deposit","Boxes","caixadeverduras",50,0,"2025-09-20T20:19:14.660Z","","high"
"Souzz Ramirez","Withdrawal","Plants","Bulrush",100,0,"2025-09-20T20:19:18.314Z","","high"
"Souzz Ramirez","Withdrawal","Plants","corn",200,0,"2025-09-20T20:19:21.746Z","","high"
"Souzz Ramirez","Withdrawal","Boxes","caixarustica",10,0,"2025-09-20T20:19:24.218Z","","high"
"Souzz Ramirez","Withdrawal","Boxes","caixadeverduras",200,0,"2025-09-20T20:20:17.471Z","","high"
"Souzz Ramirez","Withdrawal","Boxes","caixadeverduras",200,0,"2025-09-20T20:20:20.170Z","","high"
"Souzz Ramirez","Withdrawal","Boxes","caixadeverduras",50,0,"2025-09-20T20:20:23.017Z","","high"
"Thony Gustav","Withdrawal","Miscellaneous","common_portion_chicken",10,0,"2025-09-20T20:21:08.195Z","","high"
"Cherokee Bill","Withdrawal","Boxes","caixadeverduras",44,0,"2025-09-20T20:40:14.699Z","","high"
"Cherokee Bill","Withdrawal","Plants","Bulrush_Seed",200,0,"2025-09-20T20:40:29.542Z","","high"
"Cherokee Bill","Withdrawal","Plants","Bulrush_Seed",50,0,"2025-09-20T20:40:33.478Z","","high"
"Cherokee Bill","Withdrawal","Plants","cornseed",200,0,"2025-09-20T20:40:37.388Z","","high"
"Cherokee Bill","Withdrawal","Plants","cornseed",50,0,"2025-09-20T20:40:40.718Z","","high"
"Cherokee Bill","Deposit","Plants","Bulrush_Seed",250,0,"2025-09-20T20:42:20.953Z","","high"
"Cherokee Bill","Deposit","Plants","cornseed",250,0,"2025-09-20T20:42:23.282Z","","high"
"Cherokee Bill","Deposit","Boxes","caixadeverduras",44,0,"2025-09-20T20:42:31.656Z","","high"
"Nathy Miller","Deposit","Plants","trigo",120,0,"2025-09-20T20:44:39.708Z","","high"
"Nathy Miller","Withdrawal","Plants","semente_trigo",200,0,"2025-09-20T20:45:00.735Z","","high"
"Vitorn Stoffeliz","Deposit","Miscellaneous","adubo3",425,0,"2025-09-20T20:46:21.432Z","","high"
"Souzz Ramirez","Deposit","Money","Money",0,1000,"2025-09-20T20:56:12.578Z","","high"
"Izzynha Evans","Withdrawal","Miscellaneous","Cigarett",2,0,"2025-09-20T21:21:50.770Z","","high"
"Jizar Stoffeliz","Deposit","Plants","Black_Berry_Seed",100,0,"2025-09-20T21:23:13.654Z","","high"
"Jizar Stoffeliz","Deposit","Plants","Crows_Garlic_Seed",500,0,"2025-09-20T21:23:19.721Z","","high"
"Jizar Stoffeliz","Deposit","Plants","Parasol_Mushroom_Seed",200,0,"2025-09-20T21:23:23.812Z","","high"
"Jizar Stoffeliz","Deposit","Plants","Black_Currant_Seed",500,0,"2025-09-20T21:23:28.563Z","","high"
"Jizar Stoffeliz","Deposit","Plants","Oleander_Sage_Seed",200,0,"2025-09-20T21:23:32.892Z","","high"
"Jizar Stoffeliz","Deposit","Plants","coffeeseeds",200,0,"2025-09-20T21:23:36.726Z","","high"
"Jizar Stoffeliz","Deposit","Plants","Oregano_Seed",200,0,"2025-09-20T21:23:40.838Z","","high"
"Jizar Stoffeliz","Deposit","Plants","Black_Berry_Seed",400,0,"2025-09-20T21:24:46.994Z","","high"
"Jizar Stoffeliz","Deposit","Plants","Red_Raspberry_Seed",500,0,"2025-09-20T21:24:51.229Z","","high"
"Jizar Stoffeliz","Deposit","Plants","Prairie_Poppy_Seed",500,0,"2025-09-20T21:24:55.287Z","","high"
"Sofia Lua","Withdrawal","Plants","semente_trigo",50,0,"2025-09-20T21:28:05.445Z","","high"
"Sofia Lua","Withdrawal","Miscellaneous","hoe",1,0,"2025-09-20T21:28:51.763Z","","high"
"Nathy Miller","Withdrawal","Miscellaneous","common_portion",4,0,"2025-09-20T21:43:18.703Z","","high"
"Nathy Miller","Withdrawal","Miscellaneous","common_portion_donkey",4,0,"2025-09-20T21:43:59.115Z","","high"
"Nathy Miller","Deposit","Miscellaneous","common_portion",4,0,"2025-09-20T21:44:01.785Z","","high"
"Johnny Rocks","Deposit","Miscellaneous","sucodelemon",30,0,"2025-09-20T21:57:39.668Z","","high"
"Nathy Miller","Withdrawal","Miscellaneous","common_portion_donkey",4,0,"2025-09-20T21:58:23.644Z","","high"
"Nathy Miller","Withdrawal","Miscellaneous","common_portion_donkey",4,0,"2025-09-20T22:33:32.015Z","","high"
"Sofia Lua","Deposit","Plants","trigo",500,0,"2025-09-20T22:37:14.729Z","","high"
"Nina Vatore","Withdrawal","Miscellaneous","common_portion_donkey",10,0,"2025-09-20T22:37:57.054Z","","high"
"Nathy Miller","Withdrawal","Plants","Bulrush",1,0,"2025-09-20T22:45:58.226Z","","high"
"Bartholomeu Dias","Withdrawal","Miscellaneous","satchel",16,0,"2025-09-20T22:55:26.350Z","","high"
"Florencio Laffon","Withdrawal","Plants","semente_trigo",100,0,"2025-09-20T22:59:04.979Z","","high"
"Florencio Laffon","Withdrawal","Miscellaneous","hoe",1,0,"2025-09-20T22:59:07.898Z","","high"
"Mixel Laffon","Withdrawal","Miscellaneous","hoe",1,0,"2025-09-20T22:59:42.895Z","","high"
"Mixel Laffon","Withdrawal","Plants","semente_trigo",100,0,"2025-09-20T22:59:58.029Z","","high"
"Thomas Shelby","Withdrawal","Miscellaneous","adubo3",100,0,"2025-09-20T23:00:34.433Z","","high"
"Thomas Shelby","Withdrawal","Miscellaneous","hoe",1,0,"2025-09-20T23:00:45.410Z","","high"
"Thomas Shelby","Withdrawal","Miscellaneous","Pickaxe",1,0,"2025-09-20T23:00:50.270Z","","high"
"Biel Silva","Withdrawal","Plants","corn",100,0,"2025-09-20T23:03:53.492Z","","high"
"Biel Silva","Withdrawal","Miscellaneous","hoe",1,0,"2025-09-20T23:04:01.481Z","","high"
"Bartholomeu Dias","Withdrawal","Money","Money",0,160,"2025-09-20T23:04:29.341Z","","high"
"Nathy Miller","Deposit","Plants","trigo",500,0,"2025-09-20T23:08:16.271Z","","high"
"Thomas Shelby","Deposit","Miscellaneous","adubo3",100,0,"2025-09-20T23:11:17.198Z","","high"
"Thomas Shelby","Withdrawal","Plants","cornseed",100,0,"2025-09-20T23:11:39.857Z","","high"
"Nathy Miller","Deposit","Plants","trigo",500,0,"2025-09-20T23:12:00.451Z","","high"
"Sasa Pietra","Withdrawal","Miscellaneous","common_portion_chicken",8,0,"2025-09-20T23:12:26.888Z","","high"
"Nathy Miller","Deposit","Plants","Bulrush",1,0,"2025-09-20T23:12:38.469Z","","high"
"Nathy Miller","Deposit","Plants","trigo",500,0,"2025-09-20T23:19:32.456Z","","high"
"Ale Beckham","Deposit","Plants","Bulrush",180,0,"2025-09-20T23:23:41.398Z","","high"
"Ale Beckham","Deposit","Plants","corn",190,0,"2025-09-20T23:23:44.647Z","","high"
"Ale Beckham","Deposit","Plants","trigo",200,0,"2025-09-20T23:23:54.427Z","","high"
"Ale Beckham","Deposit","Plants","trigo",150,0,"2025-09-20T23:24:03.720Z","","high"
"Ale Beckham","Deposit","Plants","trigo",60,0,"2025-09-20T23:24:06.984Z","","high"
"Nathy Miller","Deposit","Plants","trigo",500,0,"2025-09-20T23:24:26.142Z","","high"
"Biel Silva","Deposit","Plants","corn",100,0,"2025-09-20T23:24:54.320Z","","high"
"Biel Silva","Withdrawal","Plants","cornseed",100,0,"2025-09-20T23:25:21.983Z","","high"
"Florencio Laffon","Withdrawal","Miscellaneous","sucodelemon",5,0,"2025-09-20T23:26:20.962Z","","high"
"Souzz Ramirez","Withdrawal","Miscellaneous","sucodelemon",9,0,"2025-09-20T23:29:01.020Z","","high"
"Santiago Bowdin","Deposit","Boxes","caixaanimal",500,0,"2025-09-20T23:42:22.689Z","","high"
"Santiago Bowdin","Deposit","Boxes","caixaanimal",500,0,"2025-09-20T23:42:50.205Z","","high"
"Santiago Bowdin","Withdrawal","Money","Money",0,2000,"2025-09-20T23:42:59.420Z","","high"
"Bartholomeu Dias","Withdrawal","Boxes","caixaanimal",200,0,"2025-09-20T23:43:26.484Z","","high"
"Bartholomeu Dias","Withdrawal","Boxes","caixaanimal",200,0,"2025-09-20T23:43:30.038Z","","high"
"Bartholomeu Dias","Withdrawal","Boxes","caixaanimal",100,0,"2025-09-20T23:43:33.460Z","","high"
"Jubiscleia Gilbert","Withdrawal","Boxes","caixaanimal",200,0,"2025-09-20T23:45:56.136Z","","high"
"Jubiscleia Gilbert","Withdrawal","Boxes","caixaanimal",200,0,"2025-09-20T23:46:02.603Z","","high"
"Jubiscleia Gilbert","Withdrawal","Boxes","caixaanimal",100,0,"2025-09-20T23:46:07.285Z","","high"
"Nathy Miller","Deposit","Plants","trigo",480,0,"2025-09-20T23:53:05.320Z","","high"
"Nathy Miller","Deposit","Plants","semente_trigo",20,0,"2025-09-20T23:53:07.988Z","","high"
